,Pos,Peptide_x,ID_x,core_x,icore_x,EL-score_x,EL_Rank_x,BA-score_x,BA_Rank_x,Ave_x,NB_x,core_tcrf,Peptide_y,ID_y,core_y,icore_y,EL-score_y,EL_Rank_y,BA-score_y,BA_Rank_y,Ave_y,NB_y,epi_dist
0,22,ASSQNITEEFY,KF530260-A-2005,ASSQTEEFY,ASSQNITEEFY,0.5147,0.2796,0.3605,0.4679,0.5147,1.0,___QTEEF_,ASSQNITEEFY,KF826838-A-2006,ASSQTEEFY,ASSQNITEEFY,0.5147,0.2796,0.3605,0.4679,0.5147,1.0,0.0
1,33,QSTCSAVSKGY,KF530260-A-2005,QSSAVSKGY,QSTCSAVSKGY,0.0916,1.3607,0.2198,1.3892,0.0916,1.0,___AVSKG_,QSTCSAVSKGY,KF826838-A-2006,QSSAVSKGY,QSTCSAVSKGY,0.0916,1.3607,0.2198,1.3892,0.0916,1.0,0.0
2,187,LTSKVLDLKNY,KF530260-A-2005,LTSKVLDLY,LTSKVLDLKNY,0.3065,0.5307,0.4402,0.2563,0.3065,1.0,___KVLDL_,LTSKVLDLKNY,KF826838-A-2006,LTSKVLDLY,LTSKVLDLKNY,0.3065,0.5307,0.4402,0.2563,0.3065,1.0,0.0
3,239,NAGVTTPVSTY,KF530260-A-2005,NATTPVSTY,NAGVTTPVSTY,0.0786,1.5013,0.1186,4.8211,0.0786,1.0,___TPVST_,NAGVTTPVSTY,KF826838-A-2006,NATTPVSTY,NAGVTTPVSTY,0.0786,1.5013,0.1186,4.8211,0.0786,1.0,0.0
4,288,MSIIKEEVLAY,KF530260-A-2005,MSIEEVLAY,MSIIKEEVLAY,0.2965,0.5475,0.3129,0.6671,0.2965,1.0,___EEVLA_,MSIIKEEVLAY,KF826838-A-2006,MSIEEVLAY,MSIIKEEVLAY,0.2965,0.5475,0.3129,0.6671,0.2965,1.0,0.0
5,380,LCNVDIFNPKY,KF530260-A-2005,LVDIFNPKY,LCNVDIFNPKY,0.2811,0.5735,0.3205,0.6284,0.2811,1.0,___IFNPK_,LCNIDIFNPKY,KF826838-A-2006,LIDIFNPKY,LCNIDIFNPKY,0.178,0.8261,0.2754,0.893,0.178,1.0,0.0
6,406,ITSLGAIVSCY,KF530260-A-2005,ITSLGASCY,ITSLGAIVSCY,0.2259,0.6852,0.3473,0.5154,0.2259,1.0,___LGASC_,ITSLGAIVSCY,KF826838-A-2006,ITSLGASCY,ITSLGAIVSCY,0.2259,0.6852,0.3473,0.5154,0.2259,1.0,0.0
7,430,IIKTFSNGCDY,KF530260-A-2005,ITFSNGCDY,IIKTFSNGCDY,0.0577,1.8155,0.2483,1.0902,0.0577,1.0,___SNGCD_,IIKTFSNGCDY,KF826838-A-2006,ITFSNGCDY,IIKTFSNGCDY,0.0577,1.8155,0.2483,1.0902,0.0577,1.0,0.0
8,446,VDTVSVGNTLY,KF530260-A-2005,VVSVGNTLY,VDTVSVGNTLY,0.179,0.8227,0.2508,1.073,0.179,1.0,___VGNTL_,VDTVSVGNTLY,KF826838-A-2006,VVSVGNTLY,VDTVSVGNTLY,0.179,0.8227,0.2508,1.073,0.179,1.0,0.0
9,447,DTVSVGNTLYY,KF530260-A-2005,DTVSNTLYY,DTVSVGNTLYY,0.4422,0.3503,0.3802,0.4003,0.4422,1.0,___SNTLY_,DTVSVGNTLYY,KF826838-A-2006,DTVSNTLYY,DTVSVGNTLYY,0.4422,0.3503,0.3802,0.4003,0.4422,1.0,0.0
10,457,YVNKQEGKSLY,KF530260-A-2005,YVNEGKSLY,YVNKQEGKSLY,0.4915,0.3014,0.3054,0.7066,0.4915,1.0,___EGKSL_,YVNKQEGKSLY,KF826838-A-2006,YVNEGKSLY,YVNKQEGKSLY,0.4915,0.3014,0.3054,0.7066,0.4915,1.0,0.0
11,467,YVKGEPIINFY,KF530260-A-2005,YVEPIINFY,YVKGEPIINFY,0.6822,0.1631,0.3802,0.4002,0.6822,1.0,___PIINF_,YVKGEPIINFY,KF826838-A-2006,YVEPIINFY,YVKGEPIINFY,0.6822,0.1631,0.3802,0.4002,0.6822,1.0,0.0
12,23,SSQNITEEFY,KF530260-A-2005,SSQNITEEY,SSQNITEEFY,0.7535,0.127,0.5382,0.1152,0.7535,1.0,___NITEE_,SSQNITEEFY,KF826838-A-2006,SSQNITEEY,SSQNITEEFY,0.7535,0.127,0.5382,0.1152,0.7535,1.0,0.0
13,23,SSQNITEEFY,KF530260-A-2005,SSQNITEEY,SSQNITEEFY,0.7535,0.127,0.5382,0.1152,0.7535,1.0,___NITEE_,SSQNITEEF,KF826838-A-2006,SSQNITEEF,SSQNITEEF,0.1651,0.873,0.1882,1.9122,0.1651,1.0,0.0
14,23,SSQNITEEF,KF530260-A-2005,SSQNITEEF,SSQNITEEF,0.1651,0.873,0.1882,1.9122,0.1651,1.0,___NITEE_,SSQNITEEFY,KF826838-A-2006,SSQNITEEY,SSQNITEEFY,0.7535,0.127,0.5382,0.1152,0.7535,1.0,0.0
15,23,SSQNITEEF,KF530260-A-2005,SSQNITEEF,SSQNITEEF,0.1651,0.873,0.1882,1.9122,0.1651,1.0,___NITEE_,SSQNITEEF,KF826838-A-2006,SSQNITEEF,SSQNITEEF,0.1651,0.873,0.1882,1.9122,0.1651,1.0,0.0
16,34,STCSAVSKGY,KF530260-A-2005,STCSAVSKY,STCSAVSKGY,0.4165,0.3757,0.3733,0.4242,0.4165,1.0,___SAVSK_,STCSAVSKGY,KF826838-A-2006,STCSAVSKY,STCSAVSKGY,0.4165,0.3757,0.3733,0.4242,0.4165,1.0,0.0
17,43,YLSALRTGWY,KF530260-A-2005,YSALRTGWY,YLSALRTGWY,0.1837,0.8052,0.497,0.1642,0.1837,1.0,___LRTGW_,YLSALRTGWY,KF826838-A-2006,YSALRTGWY,YLSALRTGWY,0.1837,0.8052,0.497,0.1642,0.1837,1.0,0.0
18,76,KLIKQELDKY,KF530260-A-2005,KLIKQELKY,KLIKQELDKY,0.0617,1.7419,0.1236,4.4432,0.0617,1.0,___KQELK_,KLIKQELDKY,KF826838-A-2006,KLIKQELKY,KLIKQELDKY,0.0617,1.7419,0.1236,4.4432,0.0617,1.0,0.0
19,188,TSKVLDLKNY,KF530260-A-2005,TSKVLDLKY,TSKVLDLKNY,0.1618,0.8852,0.2395,1.1697,0.1618,1.0,___VLDLK_,TSKVLDLKNY,KF826838-A-2006,TSKVLDLKY,TSKVLDLKNY,0.1618,0.8852,0.2395,1.1697,0.1618,1.0,0.0
20,240,AGVTTPVSTY,KF530260-A-2005,AVTTPVSTY,AGVTTPVSTY,0.1116,1.2005,0.1141,5.1826,0.1116,1.0,___TPVST_,AGVTTPVSTY,KF826838-A-2006,AVTTPVSTY,AGVTTPVSTY,0.1116,1.2005,0.1141,5.1826,0.1116,1.0,0.0
21,276,NVQIVRQQSY,KF530260-A-2005,NVQIVQQSY,NVQIVRQQSY,0.1024,1.2686,0.1484,3.0591,0.1024,1.0,___IVQQS_,NVQIVRQQSY,KF826838-A-2006,NVQIVQQSY,NVQIVRQQSY,0.1024,1.2686,0.1484,3.0591,0.1024,1.0,0.0
22,289,SIIKEEVLAY,KF530260-A-2005,SIIEEVLAY,SIIKEEVLAY,0.1494,0.9481,0.1889,1.8961,0.1494,1.0,___EEVLA_,SIIKEEVLAY,KF826838-A-2006,SIIEEVLAY,SIIKEEVLAY,0.1494,0.9481,0.1889,1.8961,0.1494,1.0,0.0
23,296,LAYVVQLPLY,KF530260-A-2005,LAYVVQLLY,LAYVVQLPLY,0.0773,1.5185,0.3072,0.6961,0.0773,1.0,___VVQLL_,LAYVVQLPLY,KF826838-A-2006,LAYVVQLLY,LAYVVQLPLY,0.0773,1.5185,0.3072,0.6961,0.0773,1.0,0.0
24,341,YCDNAGSVSF,KF530260-A-2005,YCDNGSVSF,YCDNAGSVSF,0.0748,1.5502,0.1833,2.014,0.0748,1.0,___NGSVS_,YCDNAGSVSF,KF826838-A-2006,YCDNGSVSF,YCDNAGSVSF,0.0748,1.5502,0.1833,2.014,0.0748,1.0,0.0
25,381,CNVDIFNPKY,KF530260-A-2005,CVDIFNPKY,CNVDIFNPKY,0.3113,0.5226,0.4595,0.2208,0.3113,1.0,___IFNPK_,CNIDIFNPKY,KF826838-A-2006,CIDIFNPKY,CNIDIFNPKY,0.2086,0.7307,0.4057,0.3277,0.2086,1.0,0.0
26,382,NVDIFNPKYD,KF530260-A-2005,NVDIFNPKY,NVDIFNPKY,0.0498,1.9822,0.1767,2.1862,0.0498,1.0,___IFNPK_,NIDIFNPKY,KF826838-A-2006,NIDIFNPKY,NIDIFNPKY,0.88,0.0654,0.535,0.1181,0.88,1.0,0.0
27,382,NVDIFNPKY,KF530260-A-2005,NVDIFNPKY,NVDIFNPKY,0.9315,0.0377,0.593,0.0736,0.9315,1.0,___IFNPK_,NIDIFNPKY,KF826838-A-2006,NIDIFNPKY,NIDIFNPKY,0.88,0.0654,0.535,0.1181,0.88,1.0,0.0
28,407,TSLGAIVSCY,KF530260-A-2005,TSLGAIVSY,TSLGAIVSCY,0.1926,0.778,0.3207,0.6272,0.1926,1.0,___GAIVS_,TSLGAIVSCY,KF826838-A-2006,TSLGAIVSY,TSLGAIVSCY,0.1926,0.778,0.3207,0.6272,0.1926,1.0,0.0
29,431,IKTFSNGCDY,KF530260-A-2005,ITFSNGCDY,IKTFSNGCDY,0.1104,1.2091,0.3506,0.5024,0.1104,1.0,___SNGCD_,IKTFSNGCDY,KF826838-A-2006,ITFSNGCDY,IKTFSNGCDY,0.1104,1.2091,0.3506,0.5024,0.1104,1.0,0.0
30,447,DTVSVGNTLY,KF530260-A-2005,DTSVGNTLY,DTVSVGNTLY,0.6643,0.1716,0.4772,0.1906,0.6643,1.0,___VGNTL_,DTVSVGNTLY,KF826838-A-2006,DTSVGNTLY,DTVSVGNTLY,0.6643,0.1716,0.4772,0.1906,0.6643,1.0,0.0
31,448,TVSVGNTLYY,KF530260-A-2005,TSVGNTLYY,TVSVGNTLYY,0.599,0.2169,0.5006,0.1601,0.599,1.0,___GNTLY_,TVSVGNTLYY,KF826838-A-2006,TSVGNTLYY,TVSVGNTLYY,0.599,0.2169,0.5006,0.1601,0.599,1.0,0.0
32,458,VNKQEGKSLY,KF530260-A-2005,VNQEGKSLY,VNKQEGKSLY,0.0707,1.6026,0.1199,4.7214,0.0707,1.0,___EGKSL_,VNKQEGKSLY,KF826838-A-2006,VNQEGKSLY,VNKQEGKSLY,0.0707,1.6026,0.1199,4.7214,0.0707,1.0,0.0
33,468,VKGEPIINFY,KF530260-A-2005,VGEPIINFY,VKGEPIINFY,0.2117,0.7217,0.1923,1.8269,0.2117,1.0,___PIINF_,VKGEPIINFY,KF826838-A-2006,VGEPIINFY,VKGEPIINFY,0.2117,0.7217,0.1923,1.8269,0.2117,1.0,0.0
34,539,LLIAVGLFLY,KF530260-A-2005,LLAVGLFLY,LLIAVGLFLY,0.0531,1.9098,0.2804,0.8616,0.0531,1.0,___VGLFL_,,,---------,,0.0,,,,,,0.0531
35,6,KTNAITTIF,KF530260-A-2005,KTNAITTIF,KTNAITTIF,0.067,1.6576,0.1726,2.2917,0.067,1.0,___AITTI_,,,---------,,0.0,,,,,,0.067
36,24,SQNITEEFY,KF530260-A-2005,SQNITEEFY,SQNITEEFY,0.2447,0.6447,0.2207,1.3773,0.2447,1.0,___ITEEF_,SQNITEEFY,KF826838-A-2006,SQNITEEFY,SQNITEEFY,0.2447,0.6447,0.2207,1.3773,0.2447,1.0,0.0
37,35,TCSAVSKGY,KF530260-A-2005,TCSAVSKGY,TCSAVSKGY,0.0732,1.5702,0.1224,4.5323,0.0732,1.0,___AVSKG_,TCSAVSKGY,KF826838-A-2006,TCSAVSKGY,TCSAVSKGY,0.0732,1.5702,0.1224,4.5323,0.0732,1.0,0.0
38,44,LSALRTGWY,KF530260-A-2005,LSALRTGWY,LSALRTGWY,0.3512,0.4606,0.5123,0.1458,0.3512,1.0,___LRTGW_,LSALRTGWY,KF826838-A-2006,LSALRTGWY,LSALRTGWY,0.3512,0.4606,0.5123,0.1458,0.3512,1.0,0.0
39,52,YTSVITIEL,KF530260-A-2005,YTSVITIEL,YTSVITIEL,0.0872,1.4007,0.3009,0.7346,0.0872,1.0,___VITIE_,YTSVITIEL,KF826838-A-2006,YTSVITIEL,YTSVITIEL,0.0872,1.4007,0.3009,0.7346,0.0872,1.0,0.0
40,77,LIKQELDKY,KF530260-A-2005,LIKQELDKY,LIKQELDKY,0.143,0.9848,0.1441,3.2621,0.143,1.0,___QELDK_,LIKQELDKY,KF826838-A-2006,LIKQELDKY,LIKQELDKY,0.143,0.9848,0.1441,3.2621,0.143,1.0,0.0
41,108,RELPRFMNY,KF530260-A-2005,RELPRFMNY,RELPRFMNY,0.0862,1.4127,0.0942,7.4008,0.0862,1.0,___PRFMN_,RELPRFMNY,KF826838-A-2006,RELPRFMNY,RELPRFMNY,0.0862,1.4127,0.0942,7.4008,0.0862,1.0,0.0
42,241,GVTTPVSTY,KF530260-A-2005,GVTTPVSTY,GVTTPVSTY,0.2272,0.6822,0.1292,4.0488,0.2272,1.0,___TPVST_,GVTTPVSTY,KF826838-A-2006,GVTTPVSTY,GVTTPVSTY,0.2272,0.6822,0.1292,4.0488,0.2272,1.0,0.0
43,242,VTTPVSTYM,KF530260-A-2005,VTTPVSTYM,VTTPVSTYM,0.1315,1.0582,0.2131,1.487,0.1315,1.0,___PVSTY_,VTTPVSTYM,KF826838-A-2006,VTTPVSTYM,VTTPVSTYM,0.1315,1.0582,0.2131,1.487,0.1315,1.0,0.0
44,277,VQIVRQQSY,KF530260-A-2005,VQIVRQQSY,VQIVRQQSY,0.0825,1.4556,0.0903,8.0106,0.0825,1.0,___VRQQS_,VQIVRQQSY,KF826838-A-2006,VQIVRQQSY,VQIVRQQSY,0.0825,1.4556,0.0903,8.0106,0.0825,1.0,0.0
45,290,IIKEEVLAY,KF530260-A-2005,IIKEEVLAY,IIKEEVLAY,0.2419,0.6506,0.1727,2.2886,0.2419,1.0,___EEVLA_,IIKEEVLAY,KF826838-A-2006,IIKEEVLAY,IIKEEVLAY,0.2419,0.6506,0.1727,2.2886,0.2419,1.0,0.0
46,307,VIDTPCWKL,KF530260-A-2005,VIDTPCWKL,VIDTPCWKL,0.049,1.999,0.1329,3.836,0.049,1.0,___TPCWK_,VIDTPCWKL,KF826838-A-2006,VIDTPCWKL,VIDTPCWKL,0.049,1.999,0.1329,3.836,0.049,1.0,0.0
47,333,LTRTDRGWY,KF530260-A-2005,LTRTDRGWY,LTRTDRGWY,0.0536,1.8985,0.2179,1.4168,0.0536,1.0,___TDRGW_,LTRTDRGWY,KF826838-A-2006,LTRTDRGWY,LTRTDRGWY,0.0536,1.8985,0.2179,1.4168,0.0536,1.0,0.0
48,398,KTDVSSSVI,KF530260-A-2005,KTDVSSSVI,KTDVSSSVI,0.0786,1.501,0.2526,1.0608,0.0786,1.0,___VSSSV_,KTDVSSSVI,KF826838-A-2006,KTDVSSSVI,KTDVSSSVI,0.0786,1.501,0.2526,1.0608,0.0786,1.0,0.0
49,408,SLGAIVSCY,KF530260-A-2005,SLGAIVSCY,SLGAIVSCY,0.1979,0.7625,0.2706,0.9283,0.1979,1.0,___AIVSC_,SLGAIVSCY,KF826838-A-2006,SLGAIVSCY,SLGAIVSCY,0.1979,0.7625,0.2706,0.9283,0.1979,1.0,0.0
50,432,KTFSNGCDY,KF530260-A-2005,KTFSNGCDY,KTFSNGCDY,0.3281,0.495,0.3585,0.4748,0.3281,1.0,___SNGCD_,KTFSNGCDY,KF826838-A-2006,KTFSNGCDY,KTFSNGCDY,0.3281,0.495,0.3585,0.4748,0.3281,1.0,0.0
51,448,TVSVGNTLY,KF530260-A-2005,TVSVGNTLY,TVSVGNTLY,0.7224,0.1433,0.4555,0.2283,0.7224,1.0,___VGNTL_,TVSVGNTLY,KF826838-A-2006,TVSVGNTLY,TVSVGNTLY,0.7224,0.1433,0.4555,0.2283,0.7224,1.0,0.0
52,449,VSVGNTLYY,KF530260-A-2005,VSVGNTLYY,VSVGNTLYY,0.8041,0.0975,0.5699,0.0887,0.8041,1.0,___GNTLY_,VSVGNTLYY,KF826838-A-2006,VSVGNTLYY,VSVGNTLYY,0.8041,0.0975,0.5699,0.0887,0.8041,1.0,0.0
53,469,KGEPIINFY,KF530260-A-2005,KGEPIINFY,KGEPIINFY,0.4639,0.3287,0.2143,1.4689,0.4639,1.0,___PIINF_,KGEPIINFY,KF826838-A-2006,KGEPIINFY,KGEPIINFY,0.4639,0.3287,0.2143,1.4689,0.4639,1.0,0.0
54,507,KSDELLHNV,KF530260-A-2005,KSDELLHNV,KSDELLHNV,0.1855,0.7991,0.2444,1.1239,0.1855,1.0,___ELLHN_,KSDELLHNV,KF826838-A-2006,KSDELLHNV,KSDELLHNV,0.1855,0.7991,0.2444,1.1239,0.1855,1.0,0.0
55,540,LIAVGLFLY,KF530260-A-2005,LIAVGLFLY,LIAVGLFLY,0.1783,0.8251,0.3335,0.5702,0.1783,1.0,___VGLFL_,,,---------,,0.0,,,,,,0.1783
56,89,VTELQLLM,KF530260-A-2005,VTE-LQLLM,VTELQLLM,0.0774,1.5164,0.2344,1.2189,0.0774,1.0,___-LQLL_,VTELQLLM,KF826838-A-2006,VTE-LQLLM,VTELQLLM,0.0774,1.5164,0.2344,1.2189,0.0774,1.0,0.0
57,242,VTTPVSTY,KF530260-A-2005,VTTPV-STY,VTTPVSTY,0.2795,0.5762,0.1858,1.9609,0.2795,1.0,___PV-ST_,VTTPVSTY,KF826838-A-2006,VTTPV-STY,VTTPVSTY,0.2795,0.5762,0.1858,1.9609,0.2795,1.0,0.0
58,298,YVVQLPLY,KF530260-A-2005,YVVQLP-LY,YVVQLPLY,0.0541,1.8887,0.1498,2.9974,0.0541,1.0,___QLP-L_,YVVQLPLY,KF826838-A-2006,YVVQLP-LY,YVVQLPLY,0.0541,1.8887,0.1498,2.9974,0.0541,1.0,0.0
59,383,VDIFNPKY,KF530260-A-2005,-VDIFNPKY,VDIFNPKY,0.1329,1.0487,0.166,2.4642,0.1329,1.0,___IFNPK_,IDIFNPKY,KF826838-A-2006,-IDIFNPKY,IDIFNPKY,0.0768,1.5241,0.1394,3.4812,0.0768,1.0,0.0
60,449,VSVGNTLY,KF530260-A-2005,VSV-GNTLY,VSVGNTLY,0.1002,1.2851,0.1917,1.8387,0.1002,1.0,___-GNTL_,VSVGNTLY,KF826838-A-2006,VSV-GNTLY,VSVGNTLY,0.1002,1.2851,0.1917,1.8387,0.1002,1.0,0.0
61,450,SVGNTLYY,KF530260-A-2005,SVG-NTLYY,SVGNTLYY,0.1225,1.1192,0.2217,1.3637,0.1225,1.0,___-NTLY_,SVGNTLYY,KF826838-A-2006,SVG-NTLYY,SVGNTLYY,0.1225,1.1192,0.2217,1.3637,0.1225,1.0,0.0
62,538,,,---------,,0.0,,,,,,___VGLLL_,LSLIAVGLLLY,KF826838-A-2006,LSAVGLLLY,LSLIAVGLLLY,0.2153,0.711,0.3693,0.4378,0.2153,1.0,0.2153
63,539,,,---------,,0.0,,,,,,___VGLLL_,SLIAVGLLLY,KF826838-A-2006,SLAVGLLLY,SLIAVGLLLY,0.1883,0.7907,0.3326,0.5738,0.1883,1.0,0.1883
64,540,,,---------,,0.0,,,,,,___VGLLL_,LIAVGLLLY,KF826838-A-2006,LIAVGLLLY,LIAVGLLLY,0.3133,0.5193,0.39,0.3723,0.3133,1.0,0.3133
